status	path	adoption_unit	scope	git_blob_oid
M	README.md	documentation-and-proposals	accepted-implementation	3c8a1f32f29e57588057219f1f63a9a22d5512a4
M	apps/eve/agent/lib/reminders-db.ts	routine-lifecycle-and-responsibilities	accepted-implementation	4f17e25c57f25aca373e5420c7655200c331f60d
A	apps/eve/agent/lib/routine-owner.ts	routine-lifecycle-and-responsibilities	accepted-implementation	57574cb92f4af4ddb24fb606862f85618eb9300c
M	apps/eve/agent/lib/routine-runner.ts	routine-lifecycle-and-responsibilities	accepted-implementation	34a823bff275d04d733ac836cef119697be7d8dd
M	apps/eve/agent/tools/list_routines.ts	routine-lifecycle-and-responsibilities	accepted-implementation	9ee50813338ec0965240e284f613cefc7dc42778
M	apps/eve/agent/tools/make_routine.ts	routine-lifecycle-and-responsibilities	accepted-implementation	85dbf66d3c648620bda7b7ee751cd6116c285c8f
M	apps/eve/agent/tools/manage_agent.ts	persistent-agent-profile-and-home	accepted-implementation	8253bc5a938c1abca58c368340a1020f3f6bc526
M	apps/eve/agent/tools/manage_routine.ts	routine-lifecycle-and-responsibilities	accepted-implementation	0a83a60e5711dc2c36a575b7ba73fa80371d9e1a
M	apps/eve/agent/tools/record_observation.ts	routine-lifecycle-and-responsibilities	accepted-implementation	6a73908b2f5743b856928d2fdefde5d4ecad93c6
A	apps/eve/app/api/agents/[id]/home/route.ts	persistent-agent-profile-and-home	accepted-implementation	70ec66fe318461eee2e36610863b50d2fc697ca3
A	apps/eve/app/api/collaboration/route.ts	rooms-and-relay-references	accepted-implementation	f00a21c494146f3b4fa1ca408218110309070d1c
A	apps/eve/app/api/responsibilities/route.ts	routine-lifecycle-and-responsibilities	accepted-implementation	3fe7d26e7a9231df519f6d4f2774b2fa4c32f4e8
A	apps/eve/app/api/work-inbox/route.ts	unified-work-and-inbox	accepted-implementation	19414dd14a4b4e55f29d1ba04263184b512bb0a5
A	apps/eve/app/api/work-thread/route.ts	unified-work-and-inbox	accepted-implementation	eec27f621b6a60e8bae38fb6c84819b396325c4d
M	apps/eve/app/chat.tsx	unified-work-and-inbox	accepted-implementation	943f13c69ad9bc5b4eff9d33777a0bc1aa65ff09
M	apps/eve/app/rooms/page.tsx	rooms-and-relay-references	accepted-implementation	cdd657e76d2216b3d8393447438eed84e30ee852
A	apps/eve/components/agent-home.tsx	persistent-agent-profile-and-home	accepted-implementation	14ab746bfc711b69af1e29dfcd5e6d44761e2a49
M	apps/eve/components/agents-panel.tsx	persistent-agent-profile-and-home	accepted-implementation	ce64d05bb555b9dd9a2901397cbb59e3130e5286
A	apps/eve/components/live-agent-card.tsx	persistent-agent-profile-and-home	accepted-implementation	57a72fedd506f3f6c0db4585cd8f85c31e66c3c8
A	apps/eve/components/owner/agent-overview.tsx	persistent-agent-profile-and-home	accepted-implementation	06e6721fb4cc6d2a7c36ded716155e86070a8a74
M	apps/eve/components/owner/candidate-decision.tsx	unified-work-and-inbox	accepted-implementation	95ce2a0ef37f7f38ac311ea6a2c532e7eac954f3
A	apps/eve/components/owner/collaboration.tsx	rooms-and-relay-references	accepted-implementation	93d9bf11275e57d308d0e50cc85f05e3e965dc87
M	apps/eve/components/owner/destinations.ts	owner-shell-and-today	accepted-implementation	dfe21e3e65826146881dcefadc0f82622b1407fd
M	apps/eve/components/owner/integrated.tsx	owner-shell-and-today	accepted-implementation	91e0ee69b05165a440ef05c51c6cbc6430b18bb0
M	apps/eve/components/owner/navigation.tsx	owner-shell-and-today	accepted-implementation	d86646e332d58b1083b3e4474dddc7bab83ce02a
M	apps/eve/components/owner/owner.css	owner-shell-and-today	accepted-implementation	257aadcfac54a64387cf57f148c66c9e781a7f12
M	apps/eve/components/owner/product-hubs.tsx	owner-shell-and-today	accepted-implementation	9fa8c22bd1095fa643aa8427e64f5cc92cceee3c
M	apps/eve/components/owner/product-preview.tsx	owner-shell-and-today	accepted-implementation	9430ee474b1c303e2d5751df94fba146095ef534
A	apps/eve/components/owner/responsibilities.tsx	routine-lifecycle-and-responsibilities	accepted-implementation	d16af6169e86906e3c94f48197f8f68f81834348
A	apps/eve/components/owner/room-preview.tsx	rooms-and-relay-references	accepted-implementation	e752f31922acf96c4d2846d144c6cbfb48d6cb54
A	apps/eve/components/owner/work-inbox.tsx	unified-work-and-inbox	accepted-implementation	e887bb2823affaf325e8d436d9743bcd1a0886b4
A	apps/eve/components/owner/work-thread.css	unified-work-and-inbox	accepted-implementation	f78fe39cf1f84243e8a371624ae2aa4d2a40747b
A	apps/eve/components/owner/work-thread.tsx	unified-work-and-inbox	accepted-implementation	d33c12978d6ae57d60f177e4fb8e258899b4cc1e
M	apps/eve/components/routines-panel.tsx	routine-lifecycle-and-responsibilities	accepted-implementation	f9689dc615129b288852c6634bde6cb99dd26730
M	apps/eve/lib/agent-api.ts	persistent-agent-profile-and-home	accepted-implementation	1d02f784fd29f2e9be8305279c09fe6334ce8880
M	apps/eve/lib/agents.ts	persistent-agent-profile-and-home	accepted-implementation	c7c475c7a079a4735210c0a2723d4e822d808264
M	apps/eve/lib/execution-store.ts	routine-lifecycle-and-responsibilities	accepted-implementation	44700df0e3fd5636fe1eee9fe770fedb2535eb36
M	apps/eve/lib/execution-types.ts	routine-lifecycle-and-responsibilities	accepted-implementation	05ec9235a82ec550fe80123a508be913533cd177
A	apps/eve/lib/product/agent-home.ts	persistent-agent-profile-and-home	accepted-implementation	28c84694206c9e11a49876d78d16fb46655b3ff2
A	apps/eve/lib/product/agent-management.test.ts	qualification-tests	accepted-implementation	16e2f0b8ccfbb4aa284ddb47642baaea0a539c3a
A	apps/eve/lib/product/collaboration.ts	rooms-and-relay-references	accepted-implementation	e4306666e09c9bb8ce338700d881e71027c632a9
A	apps/eve/lib/product/group-repository.ts	rooms-and-relay-references	accepted-implementation	de9bccf376832566c7fbdea88bf23971dcb2e8ec
A	apps/eve/lib/product/groups.ts	rooms-and-relay-references	accepted-implementation	49fae91c5f99f34e38d317be0f3c442fbe2d3a5a
A	apps/eve/lib/product/responsibilities.ts	routine-lifecycle-and-responsibilities	accepted-implementation	f7ae0647dba591a6e158588172bb4b5dbcc2d65a
A	apps/eve/lib/product/work-inbox.ts	unified-work-and-inbox	accepted-implementation	f772c36e5782c9b5af1812dd3a1cf9862b1ff6a3
A	apps/eve/lib/product/work-state.ts	unified-work-and-inbox	accepted-implementation	4e486acc90f71dbeceeaffe0c9fc6af4f9138b87
A	apps/eve/lib/product/work-thread.ts	unified-work-and-inbox	accepted-implementation	1fe28328df799c8278f0d5902ce37d476e37990b
M	apps/eve/lib/routine-admission.ts	routine-lifecycle-and-responsibilities	accepted-implementation	f0e6eb4b6c6864bfcaafa10da9ff57c36cbd48cd
A	apps/eve/lib/routine-check.ts	routine-lifecycle-and-responsibilities	accepted-implementation	3e1405483329915dc0270509c380248e996eb382
M	apps/eve/lib/routine-review.ts	routine-lifecycle-and-responsibilities	accepted-implementation	d4ec48cb0c7206619dc75e15483606fab265c5a9
M	apps/eve/scripts/executor-inventory.json	governance-inventory	accepted-implementation	d5f0462da403950e40afc9f586ce36f05b08bd0f
A	apps/eve/test/agent-native/agent-home.integration.mjs	qualification-tests	accepted-implementation	1244e3b2cc8ea00de2a0622d75509675ecc02688
A	apps/eve/test/agent-native/agent-home.spec.ts	qualification-tests	accepted-implementation	89ec37cf6445f80602229d0cce0ba00db09803a0
A	apps/eve/test/agent-native/authoring.integration.mjs	qualification-tests	accepted-implementation	d8164ad29a6ddf9d673fb8494846d334b890bcf6
A	apps/eve/test/agent-native/collaboration.integration.mjs	qualification-tests	accepted-implementation	c3b57556457281ba2637016f8280c1c0d66c6c31
A	apps/eve/test/agent-native/collaboration.spec.ts	qualification-tests	accepted-implementation	db0aaec4ab6d53891f97e8a728f948b3089464b1
A	apps/eve/test/agent-native/group-journey.integration.mjs	qualification-tests	accepted-implementation	46c8b81a703a24f3d3fda69130f5ad362c8dc61e
A	apps/eve/test/agent-native/playwright.config.ts	qualification-tests	accepted-implementation	544104db6f30627b3337cd07a82904c37a4a81b9
A	apps/eve/test/agent-native/publication-regression.config.ts	qualification-tests	accepted-implementation	ad5da359cd8958be3f537d402fdc5a4227ce1f0d
A	apps/eve/test/agent-native/responsibilities.spec.ts	qualification-tests	accepted-implementation	ab9cd7d9782da3570bdd47d61ecac97534b7ad0a
A	apps/eve/test/agent-native/routine-condition.integration.mjs	qualification-tests	accepted-implementation	b958237a843f2751a65658e663220d5c91907f20
A	apps/eve/test/agent-native/routine-journey.integration.mjs	qualification-tests	accepted-implementation	668801346abc5c85f15d56d964693ee032d71257
A	apps/eve/test/agent-native/routine-owner.integration.mjs	qualification-tests	accepted-implementation	cbdcd4a3760a7ab2b7dac2c2e04e270e4e06c1c5
A	apps/eve/test/agent-native/routines.spec.ts	qualification-tests	accepted-implementation	96a55780e5f64b151bf1e22cc43c61a645f3fb62
A	apps/eve/test/agent-native/seed-responsibilities.mjs	qualification-tests	accepted-implementation	da06dc16b04815867b4d50fe2dc862323fc4f052
A	apps/eve/test/agent-native/visual-ia.spec.ts	qualification-tests	accepted-implementation	80b879a5649976c022978da806cff45f3f56d378
A	apps/eve/test/agent-native/work-inbox.integration.mjs	qualification-tests	accepted-implementation	5c823202b9376dc9909c630a8947e36e8263cbcd
A	apps/eve/test/agent-native/work-thread.integration.mjs	qualification-tests	accepted-implementation	62badfc559e3002f68b4e243964d551a5412981f
A	apps/eve/test/agent-native/work-thread.spec.ts	qualification-tests	accepted-implementation	54ef8f8221c890e5dbb43274bbfa7212c0f313e4
M	apps/eve/test/local-sql-fixture.mjs	qualification-tests	accepted-implementation	95d2283516976228d28ee7c1c61e4648cf86f5ed
A	docs/product/agent-native-integration-crosswalk.md	documentation-and-proposals	accepted-implementation	e4eee27625a08a1c412fd93f0fbbf33cd80bda81
A	docs/product/agent-native-work-experience.md	documentation-and-proposals	accepted-implementation	5950b1396e9435a496f3429558ef5441d0222b95
A	docs/product/current-product-dependencies.md	documentation-and-proposals	accepted-implementation	0e16097ec324ddc14e2072a6b40620f3c38bcd33
A	docs/product/environment-fabric-product-contract.md	documentation-and-proposals	accepted-implementation	37fb8d66b46f8d50daf0f8806ab1576681adc5f7
A	docs/product/pluto-pattern-crosswalk.md	documentation-and-proposals	accepted-implementation	f76aa0d1da8c84ca302caffd9109c71e5765dfe0
A	docs/product/pluto-visual-ia-addendum.md	documentation-and-proposals	accepted-implementation	f0982c58ca0d14ed0a2ceeee0bad331cc09e08ed
A	docs/product/schema-proposals/agent-groups.md	documentation-and-proposals	accepted-implementation	bf51560aa04ab1e00ee7585825944f8bfb797b40
A	docs/product/schema-proposals/agent-groups.sql	documentation-and-proposals	accepted-implementation	0381fcfe8c5d78b18f95739b2c48a72290af2802
A	docs/verification/agent-native-work/baseline.json	qualification-evidence	accepted-implementation	90dd766beaab1520a80631e1aa9b047003e718f5
A	docs/verification/agent-native-work/browser-a.json	qualification-evidence	accepted-implementation	11e7a3413838de6ae135a07c5d4a5e39fbaac9ee
A	docs/verification/agent-native-work/browser-a.log	qualification-evidence	accepted-implementation	518fecd48c52718b2c8adb89a511b28c4ccc10cc
A	docs/verification/agent-native-work/browser-b.log	qualification-evidence	accepted-implementation	cb7129fd20e499c00e5b57c2961ac628b23e1b97
A	docs/verification/agent-native-work/browser-c.json	qualification-evidence	accepted-implementation	94163794ff3f8fe8c0c1d54d22421111a0f9277c
A	docs/verification/agent-native-work/browser-c.log	qualification-evidence	accepted-implementation	3afd06455d85744c45b06b64fee82b9322af5050
A	docs/verification/agent-native-work/browser-e.json	qualification-evidence	accepted-implementation	f51e311683c4f829cdf350bd9fb04539281aecbb
A	docs/verification/agent-native-work/browser-e.log	qualification-evidence	accepted-implementation	396c284a0f275ea90cb8bb519e2a05243928b9a0
A	docs/verification/agent-native-work/browser-f.json	qualification-evidence	accepted-implementation	735b9a6b6a132eac0d0ee05a26e08be48a8f87d8
A	docs/verification/agent-native-work/browser-f.log	qualification-evidence	accepted-implementation	7152365886cb9a8b3353cdfd4dcab7e02ec53393
A	docs/verification/agent-native-work/browser-final.json	qualification-evidence	accepted-implementation	6f245128cda23c7945ade082ecb6b00d8c14cf1f
A	docs/verification/agent-native-work/browser-final.log	qualification-evidence	accepted-implementation	86a5900894499bebc1ee99ac95e1c86b2e66d4a4
A	docs/verification/agent-native-work/browser-publication-final.json	qualification-evidence	accepted-implementation	5138beb8b07b2aa94361f3de59142f9084069a42
A	docs/verification/agent-native-work/browser-publication-final.log	qualification-evidence	accepted-implementation	79d7490f2adf24675a0ffe8bfe3862344c15eab4
A	docs/verification/agent-native-work/build-b.log	qualification-evidence	accepted-implementation	bde5588dfe054d6866cbbf8750fb29b1e64e71c8
A	docs/verification/agent-native-work/build-c.log	qualification-evidence	accepted-implementation	82171c04297484ee6fe9867d2df677bce6f48ec3
A	docs/verification/agent-native-work/build-e.log	qualification-evidence	accepted-implementation	913dfba6f0d3bb3687a7ad4978c794e193f62e03
A	docs/verification/agent-native-work/build-f.log	qualification-evidence	accepted-implementation	912d95f7312afc45acd415032b5014a5466fc764
A	docs/verification/agent-native-work/build-final.log	qualification-evidence	accepted-implementation	7fd8b30df048e77d2a55a6f0e05d20650f621f6f
A	docs/verification/agent-native-work/build.log	qualification-evidence	accepted-implementation	86f1202491b09b2f4fd576fc95580d14784341c1
A	docs/verification/agent-native-work/checkpoint-a.md	qualification-evidence	accepted-implementation	da4edfa82b69a4d3140235edb3cbb38f89dc0999
A	docs/verification/agent-native-work/checkpoint-b.md	qualification-evidence	accepted-implementation	2c24357c18220352643dbae93e18c641ba163a01
A	docs/verification/agent-native-work/checkpoint-c.md	qualification-evidence	accepted-implementation	a047a250d7d38a895962def6ddb52e2a7c7099fc
A	docs/verification/agent-native-work/checkpoint-d.md	qualification-evidence	accepted-implementation	69716be07e2862ff4ad58e35e198f83a8b1ef369
A	docs/verification/agent-native-work/checkpoint-e.md	qualification-evidence	accepted-implementation	a1818c3c42e0ba02ad5903be13e4095b365e3967
A	docs/verification/agent-native-work/checkpoint-f.md	qualification-evidence	accepted-implementation	83843b52f8e7b431f6a0cf8f656ec17fc4c237ea
A	docs/verification/agent-native-work/collaboration-f.log	qualification-evidence	accepted-implementation	d592a310232c105f10f27f62e05ffc59750bc592
A	docs/verification/agent-native-work/coordination-build.log	qualification-evidence	accepted-implementation	b2511195cb2716eaa5adba94c0d7078f1c3f2be2
A	docs/verification/agent-native-work/coordination-checkpoint.md	qualification-evidence	accepted-implementation	6d351ab592f27b07b0c79cf3e056c52992ec2b63
A	docs/verification/agent-native-work/coordination-playwright.log	qualification-evidence	accepted-implementation	4f399c04d2e1b7e9e18852b8d94588953f08ae7d
A	docs/verification/agent-native-work/coordination-typecheck.log	qualification-evidence	accepted-implementation	7d2e614a4a977bfd0cf2db6897f3c2c81557abb0
A	docs/verification/agent-native-work/environment-fabric-owner-handoff.md	qualification-evidence	accepted-implementation	6640a8891e05640337d3cfaed1acdab1a6232678
A	docs/verification/agent-native-work/execution-reliability-c.log	qualification-evidence	accepted-implementation	765d1f64516b9b6dc13683eab8e3e9cc757bb02c
A	docs/verification/agent-native-work/product-continuation-agent-home.log	qualification-evidence	accepted-implementation	7eeeb877d30ee1d079c035c29cb7b6327f5fe81f
A	docs/verification/agent-native-work/product-continuation-all-tests.log	qualification-evidence	accepted-implementation	11d8b3fb402ae45c18492461ac0d912efb2be0ac
A	docs/verification/agent-native-work/product-continuation-authoring.log	qualification-evidence	accepted-implementation	671f79bd85323aaab014049fb1f5449d71201ecf
A	docs/verification/agent-native-work/product-continuation-build.log	qualification-evidence	accepted-implementation	21f0925b7374976714a6e74eefdd2d4f6469e14b
A	docs/verification/agent-native-work/product-continuation-full-playwright.log	qualification-evidence	accepted-implementation	0e8879a75d1ee86679a479248ef9b4d743890aa0
A	docs/verification/agent-native-work/product-continuation-group-journey.log	qualification-evidence	accepted-implementation	5894c891ffd5c0ae69e5d7b5bf0a249e27dd3176
A	docs/verification/agent-native-work/product-continuation-routine-condition.log	qualification-evidence	accepted-implementation	e32fbe65afb42dfdc119859d2495e7d3a860e4f1
A	docs/verification/agent-native-work/product-continuation-routine-journey.log	qualification-evidence	accepted-implementation	a7086e54604a939f823b2b62ce8b7b32db084cf1
A	docs/verification/agent-native-work/product-continuation-typecheck.log	qualification-evidence	accepted-implementation	0744c105ac7ecf2b30b79c3ae565d0fb0259c3ba
A	docs/verification/agent-native-work/product-continuation-work-inbox.log	qualification-evidence	accepted-implementation	d192aa3e58343f6326142aa6dcc9888973b94592
A	docs/verification/agent-native-work/product-continuation.md	qualification-evidence	accepted-implementation	0a65dcbb2242cf3496a0a0d7ff2960666f8e3417
A	docs/verification/agent-native-work/product-postgres-final.log	qualification-evidence	accepted-implementation	8508230530c1cc4d148b44aa286c6d928ab3ada1
A	docs/verification/agent-native-work/publication-final.log	qualification-evidence	accepted-implementation	7b99b268155550773a308da1fbea5d495b11acc0
A	docs/verification/agent-native-work/publication.log	qualification-evidence	accepted-implementation	9f38ff9fd4fe93b8b0c0fbcd0f1e9a1b42fa00ff
A	docs/verification/agent-native-work/qualification-summary.md	qualification-evidence	accepted-implementation	98be24d0d4b05a108677cc66cb2a8e1bcc4ca6b8
A	docs/verification/agent-native-work/responsibilities-e.log	qualification-evidence	accepted-implementation	e32fbe65afb42dfdc119859d2495e7d3a860e4f1
A	docs/verification/agent-native-work/routine-owner-final.log	qualification-evidence	accepted-implementation	27569e21dfcf63a63b98f8948f30c09a46e5e417
A	docs/verification/agent-native-work/typecheck-b.log	qualification-evidence	accepted-implementation	bad74e9d18e7f98908dd452dd6c0946a4a4b9bf4
A	docs/verification/agent-native-work/typecheck-c.log	qualification-evidence	accepted-implementation	496e057d5e99b6becc03d930fa0cdb4742b431dc
A	docs/verification/agent-native-work/typecheck-e.log	qualification-evidence	accepted-implementation	3552fe9a16ff90e377ab4e7234a90ea2dd36fdbc
A	docs/verification/agent-native-work/typecheck-f.log	qualification-evidence	accepted-implementation	7d2e614a4a977bfd0cf2db6897f3c2c81557abb0
A	docs/verification/agent-native-work/typecheck-final.log	qualification-evidence	accepted-implementation	7d2e614a4a977bfd0cf2db6897f3c2c81557abb0
A	docs/verification/agent-native-work/typecheck.log	qualification-evidence	accepted-implementation	aadb7101a1fa02204bf0edb27cbd7cb1e39f3d17
A	docs/verification/agent-native-work/unit-final.log	qualification-evidence	accepted-implementation	515a991b42510f0ea4208be6a8091fde4d36adf8
A	docs/verification/agent-native-work/unit.log	qualification-evidence	accepted-implementation	9c91969412657820ef8531b523ad8ca1762c0e9a
A	docs/verification/agent-native-work/visual-ia-agent-home.log	qualification-evidence	accepted-implementation	84e2b41bd75cf0f96574e310df6b72866b410a24
A	docs/verification/agent-native-work/visual-ia-authoring.log	qualification-evidence	accepted-implementation	685c00ff6ce6c456170916ccaf2a7b6ab54cd19e
A	docs/verification/agent-native-work/visual-ia-build.log	qualification-evidence	accepted-implementation	1d4113757f74b7b60306af9af8b9756bbdbb1ee1
A	docs/verification/agent-native-work/visual-ia-full-playwright.log	qualification-evidence	accepted-implementation	aa391413128c09e1e2868deb460c6e1aaf030684
A	docs/verification/agent-native-work/visual-ia-qualification.md	qualification-evidence	accepted-implementation	cd6f8120894625d66826a16b1dfec0b1f743c139
A	docs/verification/agent-native-work/visual-ia-typecheck.log	qualification-evidence	accepted-implementation	0744c105ac7ecf2b30b79c3ae565d0fb0259c3ba
A	docs/verification/agent-native-work/visual-ia-unit.log	qualification-evidence	accepted-implementation	e8aa57a22d0a88caa1dbb18186bf403a761b893d
A	output/playwright/agent-native/390px-Keep-private.png	qualification-evidence	accepted-implementation	31ece79c512be1f0ebb4f2ba26db3eef79c61716
A	output/playwright/agent-native/390px-Open-a-pull-request.png	qualification-evidence	accepted-implementation	e89bd09c09d8655815a77012856f2e70191b4d38
A	output/playwright/agent-native/390px-Push-branch-only.png	qualification-evidence	accepted-implementation	10df29bdbc88c6174e32d268bb5062c7d064c375
A	output/playwright/agent-native/390px-Reject-candidate.png	qualification-evidence	accepted-implementation	cf215557c67ebcc18d11f96abdac344c92fa0c16
A	output/playwright/agent-native/390px-agent-home.png	qualification-evidence	accepted-implementation	acbf39b2baa5f2eca20c8042df1d6de532b676a9
A	output/playwright/agent-native/390px-collaboration.png	qualification-evidence	accepted-implementation	9f380d8d4bfc25add571cab78118b1b700f5ebd3
A	output/playwright/agent-native/390px-inbox-responsibilities.png	qualification-evidence	accepted-implementation	e1116d1c83060ec13551003ecc149884979d4dc9
A	output/playwright/agent-native/390px-inline-review-failure.png	qualification-evidence	accepted-implementation	40894f6008a0ccc1879fbd841798131652ece318
A	output/playwright/agent-native/390px-routine-condition.png	qualification-evidence	accepted-implementation	6840122c9242874e13253b58a36880d835d79f80
A	output/playwright/agent-native/390px-today-responsibilities.png	qualification-evidence	accepted-implementation	4f9f4ed635b7bf1a4907808cb363f615df1c0f94
A	output/playwright/agent-native/390px-work-inbox-settled.png	qualification-evidence	accepted-implementation	6fc8847938bcf830d60d2e432e24bb4246692c6b
A	output/playwright/agent-native/390px-work-reconnect.png	qualification-evidence	accepted-implementation	50a808d789e3cdd777c2d7805ba69419fd70e51f
A	output/playwright/agent-native/artifacts/.last-run.json	qualification-evidence	accepted-implementation	cbcc1fbac11a74b608b2b3edc3a2ffd6ab639cb2
A	output/playwright/agent-native/desktop-Keep-private.png	qualification-evidence	accepted-implementation	b485fa0e1dd23aee357ad11f0ec636c164b1d30b
A	output/playwright/agent-native/desktop-Open-a-pull-request.png	qualification-evidence	accepted-implementation	1cb88911c8f101bc75bdded95946892025a3eb1d
A	output/playwright/agent-native/desktop-Push-branch-only.png	qualification-evidence	accepted-implementation	7de4ab010910a73991ba79bc366a14bff009e1e9
A	output/playwright/agent-native/desktop-Reject-candidate.png	qualification-evidence	accepted-implementation	68025a7e5fd459a2063b7a79ea9b05e2cd707352
A	output/playwright/agent-native/desktop-agent-home.png	qualification-evidence	accepted-implementation	f07239091009ca4c88c0afe8cc7654ca16744b84
A	output/playwright/agent-native/desktop-collaboration.png	qualification-evidence	accepted-implementation	b0df73c3dcf75f9c09906ecdc71cb23b79b99d8f
A	output/playwright/agent-native/desktop-inbox-responsibilities.png	qualification-evidence	accepted-implementation	5d58afc1bfdc4739cb2f92e5369be46c8e8890c0
A	output/playwright/agent-native/desktop-inline-review-failure.png	qualification-evidence	accepted-implementation	887c96678b4a518c4fa9503b29670136f80ceaa0
A	output/playwright/agent-native/desktop-routine-condition.png	qualification-evidence	accepted-implementation	87c2d392b399a8a2eddaec92322a9db2b43b8047
A	output/playwright/agent-native/desktop-today-responsibilities.png	qualification-evidence	accepted-implementation	8b193c76e793ea757c73639479fef053131990c8
A	output/playwright/agent-native/desktop-work-inbox-settled.png	qualification-evidence	accepted-implementation	35547992b7b91c834112eb715a8cc6cda7e8cb51
A	output/playwright/agent-native/desktop-work-reconnect.png	qualification-evidence	accepted-implementation	c05dc3034215092bda6cec8d1fccfaa25ab8eed2
A	output/playwright/agent-native/publication-artifacts/.last-run.json	qualification-evidence	accepted-implementation	cbcc1fbac11a74b608b2b3edc3a2ffd6ab639cb2
A	output/playwright/agent-native/report.json	qualification-evidence	accepted-implementation	6f245128cda23c7945ade082ecb6b00d8c14cf1f
A	output/playwright/agent-native/visual-baselines/390px/dark-agent-profile.png	qualification-evidence	accepted-implementation	2fd806e87d8e5c31fe879ea8758f1453789c5e91
A	output/playwright/agent-native/visual-baselines/390px/dark-live-agent-card.png	qualification-evidence	accepted-implementation	b9da988240c092c62dd97c318fa6a7ec745264e9
A	output/playwright/agent-native/visual-baselines/390px/dark-room-needs-you.png	qualification-evidence	accepted-implementation	cd96d158c2cc51ab7e2ea07574be35ab471a8c75
A	output/playwright/agent-native/visual-baselines/390px/dark-room.png	qualification-evidence	accepted-implementation	66e3cde82e67a67b8466c14e922810bf970dfcee
A	output/playwright/agent-native/visual-baselines/390px/dark-routine-monitoring-fixture.png	qualification-evidence	accepted-implementation	a7423018dbfdb2630eeef7e2f2ed6d5243f7281d
A	output/playwright/agent-native/visual-baselines/390px/dark-specialist-creation.png	qualification-evidence	accepted-implementation	f78b28bb0e38173bd5bc47c15b7cfb4b1dfe7c6f
A	output/playwright/agent-native/visual-baselines/390px/dark-today.png	qualification-evidence	accepted-implementation	24d0687435280fcf367da7d8d632573b30d0939d
A	output/playwright/agent-native/visual-baselines/390px/dark-work-result-needs-you.png	qualification-evidence	accepted-implementation	93d43f4658927782cff1f266e341572ab9628a81
A	output/playwright/agent-native/visual-baselines/390px/light-agent-profile.png	qualification-evidence	accepted-implementation	06eda2997699fd8d1e9bb38d4f634d95b44649be
A	output/playwright/agent-native/visual-baselines/390px/light-live-agent-card.png	qualification-evidence	accepted-implementation	24772cc1de062367bc0d8760353e20913e8534dc
A	output/playwright/agent-native/visual-baselines/390px/light-room-needs-you.png	qualification-evidence	accepted-implementation	ae62f1ec286697bbf34b5cbd25fa54e362fb1092
A	output/playwright/agent-native/visual-baselines/390px/light-room.png	qualification-evidence	accepted-implementation	d0a7bb67f40ba6106e91d638b3bcbecb7ffa47a1
A	output/playwright/agent-native/visual-baselines/390px/light-routine-monitoring-fixture.png	qualification-evidence	accepted-implementation	57f93231fb3bab4ba711431bfdc65d9e3d36ea2c
A	output/playwright/agent-native/visual-baselines/390px/light-specialist-creation.png	qualification-evidence	accepted-implementation	27ae8b2b10d76b82db579c3e00d3db49766f872c
A	output/playwright/agent-native/visual-baselines/390px/light-today.png	qualification-evidence	accepted-implementation	61a57aa103f8f426583901d365645e8c36869f58
A	output/playwright/agent-native/visual-baselines/390px/light-work-result-needs-you.png	qualification-evidence	accepted-implementation	437365d7776e23b1da48683dff3b4d952a59ba88
A	output/playwright/agent-native/visual-baselines/desktop/dark-agent-profile.png	qualification-evidence	accepted-implementation	405367a89a47311684a3f43db74aad350e9dfe06
A	output/playwright/agent-native/visual-baselines/desktop/dark-live-agent-card.png	qualification-evidence	accepted-implementation	52f21b93ee9fcbd390b385fa344fef54de07794d
A	output/playwright/agent-native/visual-baselines/desktop/dark-room-needs-you.png	qualification-evidence	accepted-implementation	ace4bca35e4fd7762182df573024d01bd16e5536
A	output/playwright/agent-native/visual-baselines/desktop/dark-room.png	qualification-evidence	accepted-implementation	7375705e41b0480881d214e519322b015fc55867
A	output/playwright/agent-native/visual-baselines/desktop/dark-routine-monitoring-fixture.png	qualification-evidence	accepted-implementation	671c143b5490cb7969eec341b7626271a203b9b2
A	output/playwright/agent-native/visual-baselines/desktop/dark-specialist-creation.png	qualification-evidence	accepted-implementation	ad6897e3d998d5d510c3a08ea351b631462c0e1b
A	output/playwright/agent-native/visual-baselines/desktop/dark-today.png	qualification-evidence	accepted-implementation	4f63d4a19df024e2fa772b04a63b5dbb614a26e9
A	output/playwright/agent-native/visual-baselines/desktop/dark-work-result-needs-you.png	qualification-evidence	accepted-implementation	19c2970210bc2e045c8fb6a9ec3afbd35b94c271
A	output/playwright/agent-native/visual-baselines/desktop/light-agent-profile.png	qualification-evidence	accepted-implementation	1779d5f36ad1913a6def274bfb760df39a826cea
A	output/playwright/agent-native/visual-baselines/desktop/light-live-agent-card.png	qualification-evidence	accepted-implementation	38bebc455101ca3480a1155e2c6c7eecd43c7e5e
A	output/playwright/agent-native/visual-baselines/desktop/light-room-needs-you.png	qualification-evidence	accepted-implementation	c2b09beb603d9997c5fadd1102f863327b47a71f
A	output/playwright/agent-native/visual-baselines/desktop/light-room.png	qualification-evidence	accepted-implementation	cfb79cb2d52ca387b7890e9eb47bebdca8de7408
A	output/playwright/agent-native/visual-baselines/desktop/light-routine-monitoring-fixture.png	qualification-evidence	accepted-implementation	f40caaae4eb5a02ab95e480174e9fc7a250923e7
A	output/playwright/agent-native/visual-baselines/desktop/light-specialist-creation.png	qualification-evidence	accepted-implementation	a0f18cbc17d072ad8c25156fe16fa2338603cfa0
A	output/playwright/agent-native/visual-baselines/desktop/light-today.png	qualification-evidence	accepted-implementation	aa9c705704a87773cd113e7b95bbad157d81eec8
A	output/playwright/agent-native/visual-baselines/desktop/light-work-result-needs-you.png	qualification-evidence	accepted-implementation	9a9f19177b1a77b657172d0d40f8512848ddb71f
A	todos/901-ready-p1-agent-native-work-experience.md	documentation-and-proposals	accepted-implementation	a38e80bfa08505eb42112b8b2c9e8edb299cacd4
A	docs/product/consolidation-handoff/README.md	consolidation-handoff	handoff-package	containing-commit
A	docs/product/consolidation-handoff/adoption-manifest.json	consolidation-handoff	handoff-package	containing-commit
A	docs/product/consolidation-handoff/changed-paths.tsv	consolidation-handoff	handoff-package	containing-commit
A	docs/product/consolidation-handoff/initial-baseline-changes.tsv	consolidation-handoff	handoff-package	containing-commit
A	docs/product/consolidation-handoff/canonical-carry.tsv	consolidation-handoff	handoff-package	containing-commit
A	docs/product/consolidation-handoff/visual-baselines.tsv	consolidation-handoff	handoff-package	containing-commit
A	docs/product/consolidation-handoff/verify.py	consolidation-handoff	handoff-package	containing-commit
A	docs/product/consolidation-handoff/audit.json	consolidation-handoff	handoff-package	containing-commit
