status	path
M	README.md
M	apps/eve/agent/lib/reminders-db.ts
A	apps/eve/agent/lib/routine-owner.ts
M	apps/eve/agent/lib/routine-runner.ts
M	apps/eve/agent/tools/list_routines.ts
M	apps/eve/agent/tools/make_routine.ts
M	apps/eve/agent/tools/manage_agent.ts
M	apps/eve/agent/tools/manage_routine.ts
M	apps/eve/agent/tools/record_observation.ts
A	apps/eve/app/api/agents/[id]/home/route.ts
A	apps/eve/app/api/collaboration/route.ts
A	apps/eve/app/api/responsibilities/route.ts
A	apps/eve/app/api/work-inbox/route.ts
A	apps/eve/app/api/work-thread/route.ts
M	apps/eve/app/chat.tsx
M	apps/eve/app/rooms/page.tsx
A	apps/eve/components/agent-home.tsx
M	apps/eve/components/agents-panel.tsx
A	apps/eve/components/live-agent-card.tsx
A	apps/eve/components/owner/agent-overview.tsx
M	apps/eve/components/owner/candidate-decision.tsx
A	apps/eve/components/owner/collaboration.tsx
M	apps/eve/components/owner/destinations.ts
M	apps/eve/components/owner/integrated.tsx
M	apps/eve/components/owner/navigation.tsx
M	apps/eve/components/owner/owner.css
M	apps/eve/components/owner/product-hubs.tsx
M	apps/eve/components/owner/product-preview.tsx
A	apps/eve/components/owner/responsibilities.tsx
A	apps/eve/components/owner/room-preview.tsx
A	apps/eve/components/owner/work-inbox.tsx
A	apps/eve/components/owner/work-thread.css
A	apps/eve/components/owner/work-thread.tsx
M	apps/eve/components/routines-panel.tsx
M	apps/eve/lib/agent-api.ts
M	apps/eve/lib/agents.ts
M	apps/eve/lib/beta-integration/runtime.ts
M	apps/eve/lib/engineering/owner-publication.ts
M	apps/eve/lib/engineering/publication-contract.ts
M	apps/eve/lib/engineering/worker-projection.ts
M	apps/eve/lib/execution-store.ts
M	apps/eve/lib/execution-types.ts
A	apps/eve/lib/product/agent-home.ts
A	apps/eve/lib/product/agent-management.test.ts
A	apps/eve/lib/product/collaboration.ts
A	apps/eve/lib/product/group-repository.ts
A	apps/eve/lib/product/groups.ts
A	apps/eve/lib/product/responsibilities.ts
A	apps/eve/lib/product/work-inbox.ts
A	apps/eve/lib/product/work-state.ts
A	apps/eve/lib/product/work-thread.ts
M	apps/eve/lib/routine-admission.ts
A	apps/eve/lib/routine-check.ts
M	apps/eve/lib/routine-review.ts
M	apps/eve/scripts/executor-inventory.json
A	apps/eve/test/agent-native/agent-home.integration.mjs
A	apps/eve/test/agent-native/agent-home.spec.ts
A	apps/eve/test/agent-native/authoring.integration.mjs
A	apps/eve/test/agent-native/collaboration.integration.mjs
A	apps/eve/test/agent-native/collaboration.spec.ts
A	apps/eve/test/agent-native/group-journey.integration.mjs
A	apps/eve/test/agent-native/playwright.config.ts
A	apps/eve/test/agent-native/publication-regression.config.ts
A	apps/eve/test/agent-native/responsibilities.spec.ts
A	apps/eve/test/agent-native/routine-condition.integration.mjs
A	apps/eve/test/agent-native/routine-journey.integration.mjs
A	apps/eve/test/agent-native/routine-owner.integration.mjs
A	apps/eve/test/agent-native/routines.spec.ts
A	apps/eve/test/agent-native/seed-responsibilities.mjs
A	apps/eve/test/agent-native/visual-ia.spec.ts
A	apps/eve/test/agent-native/work-inbox.integration.mjs
A	apps/eve/test/agent-native/work-thread.integration.mjs
A	apps/eve/test/agent-native/work-thread.spec.ts
M	apps/eve/test/local-sql-fixture.mjs
M	apps/eve/test/publication/contract.integration.mjs
M	apps/eve/test/publication/owner.spec.ts
M	docs/private-alpha/owner-publication-2026-10-02/README.md
A	docs/product/agent-native-integration-crosswalk.md
A	docs/product/agent-native-work-experience.md
A	docs/product/current-product-dependencies.md
A	docs/product/environment-fabric-product-contract.md
A	docs/product/pluto-pattern-crosswalk.md
A	docs/product/pluto-visual-ia-addendum.md
A	docs/product/schema-proposals/agent-groups.md
A	docs/product/schema-proposals/agent-groups.sql
A	docs/verification/agent-native-work/baseline.json
A	docs/verification/agent-native-work/browser-a.json
A	docs/verification/agent-native-work/browser-a.log
A	docs/verification/agent-native-work/browser-b.log
A	docs/verification/agent-native-work/browser-c.json
A	docs/verification/agent-native-work/browser-c.log
A	docs/verification/agent-native-work/browser-e.json
A	docs/verification/agent-native-work/browser-e.log
A	docs/verification/agent-native-work/browser-f.json
A	docs/verification/agent-native-work/browser-f.log
A	docs/verification/agent-native-work/browser-final.json
A	docs/verification/agent-native-work/browser-final.log
A	docs/verification/agent-native-work/browser-publication-final.json
A	docs/verification/agent-native-work/browser-publication-final.log
A	docs/verification/agent-native-work/build-b.log
A	docs/verification/agent-native-work/build-c.log
A	docs/verification/agent-native-work/build-e.log
A	docs/verification/agent-native-work/build-f.log
A	docs/verification/agent-native-work/build-final.log
A	docs/verification/agent-native-work/build.log
A	docs/verification/agent-native-work/checkpoint-a.md
A	docs/verification/agent-native-work/checkpoint-b.md
A	docs/verification/agent-native-work/checkpoint-c.md
A	docs/verification/agent-native-work/checkpoint-d.md
A	docs/verification/agent-native-work/checkpoint-e.md
A	docs/verification/agent-native-work/checkpoint-f.md
A	docs/verification/agent-native-work/collaboration-f.log
A	docs/verification/agent-native-work/coordination-build.log
A	docs/verification/agent-native-work/coordination-checkpoint.md
A	docs/verification/agent-native-work/coordination-playwright.log
A	docs/verification/agent-native-work/coordination-typecheck.log
A	docs/verification/agent-native-work/environment-fabric-owner-handoff.md
A	docs/verification/agent-native-work/execution-reliability-c.log
A	docs/verification/agent-native-work/product-continuation-agent-home.log
A	docs/verification/agent-native-work/product-continuation-all-tests.log
A	docs/verification/agent-native-work/product-continuation-authoring.log
A	docs/verification/agent-native-work/product-continuation-build.log
A	docs/verification/agent-native-work/product-continuation-full-playwright.log
A	docs/verification/agent-native-work/product-continuation-group-journey.log
A	docs/verification/agent-native-work/product-continuation-routine-condition.log
A	docs/verification/agent-native-work/product-continuation-routine-journey.log
A	docs/verification/agent-native-work/product-continuation-typecheck.log
A	docs/verification/agent-native-work/product-continuation-work-inbox.log
A	docs/verification/agent-native-work/product-continuation.md
A	docs/verification/agent-native-work/product-postgres-final.log
A	docs/verification/agent-native-work/publication-final.log
A	docs/verification/agent-native-work/publication.log
A	docs/verification/agent-native-work/qualification-summary.md
A	docs/verification/agent-native-work/responsibilities-e.log
A	docs/verification/agent-native-work/routine-owner-final.log
A	docs/verification/agent-native-work/typecheck-b.log
A	docs/verification/agent-native-work/typecheck-c.log
A	docs/verification/agent-native-work/typecheck-e.log
A	docs/verification/agent-native-work/typecheck-f.log
A	docs/verification/agent-native-work/typecheck-final.log
A	docs/verification/agent-native-work/typecheck.log
A	docs/verification/agent-native-work/unit-final.log
A	docs/verification/agent-native-work/unit.log
A	docs/verification/agent-native-work/visual-ia-agent-home.log
A	docs/verification/agent-native-work/visual-ia-authoring.log
A	docs/verification/agent-native-work/visual-ia-build.log
A	docs/verification/agent-native-work/visual-ia-full-playwright.log
A	docs/verification/agent-native-work/visual-ia-qualification.md
A	docs/verification/agent-native-work/visual-ia-typecheck.log
A	docs/verification/agent-native-work/visual-ia-unit.log
A	output/playwright/agent-native/390px-Keep-private.png
A	output/playwright/agent-native/390px-Open-a-pull-request.png
A	output/playwright/agent-native/390px-Push-branch-only.png
A	output/playwright/agent-native/390px-Reject-candidate.png
A	output/playwright/agent-native/390px-agent-home.png
A	output/playwright/agent-native/390px-collaboration.png
A	output/playwright/agent-native/390px-inbox-responsibilities.png
A	output/playwright/agent-native/390px-inline-review-failure.png
A	output/playwright/agent-native/390px-routine-condition.png
A	output/playwright/agent-native/390px-today-responsibilities.png
A	output/playwright/agent-native/390px-work-inbox-settled.png
A	output/playwright/agent-native/390px-work-reconnect.png
A	output/playwright/agent-native/artifacts/.last-run.json
A	output/playwright/agent-native/desktop-Keep-private.png
A	output/playwright/agent-native/desktop-Open-a-pull-request.png
A	output/playwright/agent-native/desktop-Push-branch-only.png
A	output/playwright/agent-native/desktop-Reject-candidate.png
A	output/playwright/agent-native/desktop-agent-home.png
A	output/playwright/agent-native/desktop-collaboration.png
A	output/playwright/agent-native/desktop-inbox-responsibilities.png
A	output/playwright/agent-native/desktop-inline-review-failure.png
A	output/playwright/agent-native/desktop-routine-condition.png
A	output/playwright/agent-native/desktop-today-responsibilities.png
A	output/playwright/agent-native/desktop-work-inbox-settled.png
A	output/playwright/agent-native/desktop-work-reconnect.png
A	output/playwright/agent-native/publication-artifacts/.last-run.json
A	output/playwright/agent-native/report.json
A	output/playwright/agent-native/visual-baselines/390px/dark-agent-profile.png
A	output/playwright/agent-native/visual-baselines/390px/dark-live-agent-card.png
A	output/playwright/agent-native/visual-baselines/390px/dark-room-needs-you.png
A	output/playwright/agent-native/visual-baselines/390px/dark-room.png
A	output/playwright/agent-native/visual-baselines/390px/dark-routine-monitoring-fixture.png
A	output/playwright/agent-native/visual-baselines/390px/dark-specialist-creation.png
A	output/playwright/agent-native/visual-baselines/390px/dark-today.png
A	output/playwright/agent-native/visual-baselines/390px/dark-work-result-needs-you.png
A	output/playwright/agent-native/visual-baselines/390px/light-agent-profile.png
A	output/playwright/agent-native/visual-baselines/390px/light-live-agent-card.png
A	output/playwright/agent-native/visual-baselines/390px/light-room-needs-you.png
A	output/playwright/agent-native/visual-baselines/390px/light-room.png
A	output/playwright/agent-native/visual-baselines/390px/light-routine-monitoring-fixture.png
A	output/playwright/agent-native/visual-baselines/390px/light-specialist-creation.png
A	output/playwright/agent-native/visual-baselines/390px/light-today.png
A	output/playwright/agent-native/visual-baselines/390px/light-work-result-needs-you.png
A	output/playwright/agent-native/visual-baselines/desktop/dark-agent-profile.png
A	output/playwright/agent-native/visual-baselines/desktop/dark-live-agent-card.png
A	output/playwright/agent-native/visual-baselines/desktop/dark-room-needs-you.png
A	output/playwright/agent-native/visual-baselines/desktop/dark-room.png
A	output/playwright/agent-native/visual-baselines/desktop/dark-routine-monitoring-fixture.png
A	output/playwright/agent-native/visual-baselines/desktop/dark-specialist-creation.png
A	output/playwright/agent-native/visual-baselines/desktop/dark-today.png
A	output/playwright/agent-native/visual-baselines/desktop/dark-work-result-needs-you.png
A	output/playwright/agent-native/visual-baselines/desktop/light-agent-profile.png
A	output/playwright/agent-native/visual-baselines/desktop/light-live-agent-card.png
A	output/playwright/agent-native/visual-baselines/desktop/light-room-needs-you.png
A	output/playwright/agent-native/visual-baselines/desktop/light-room.png
A	output/playwright/agent-native/visual-baselines/desktop/light-routine-monitoring-fixture.png
A	output/playwright/agent-native/visual-baselines/desktop/light-specialist-creation.png
A	output/playwright/agent-native/visual-baselines/desktop/light-today.png
A	output/playwright/agent-native/visual-baselines/desktop/light-work-result-needs-you.png
A	todos/901-ready-p1-agent-native-work-experience.md
