path	viewport	theme	bytes	sha256
output/playwright/agent-native/visual-baselines/390px/dark-agent-profile.png	390px	dark	69542	432e2046c0c22125706def76957f655f54e09c29230a454cc81e165a037c1a75
output/playwright/agent-native/visual-baselines/390px/dark-live-agent-card.png	390px	dark	19483	fcbca5ac0aa806f6387b2e9c829786df2190d4efde862d0c4eca2c6b234ee455
output/playwright/agent-native/visual-baselines/390px/dark-room-needs-you.png	390px	dark	53384	cfe8d54c53a9c83f32d16bf7619ea8c63b4f595e36319936cddef4ff68afc18c
output/playwright/agent-native/visual-baselines/390px/dark-room.png	390px	dark	62464	6d6c4f4b370b8acddaad1070e1f9b976ab382ede59c37a8e7857865e0ce50c71
output/playwright/agent-native/visual-baselines/390px/dark-routine-monitoring-fixture.png	390px	dark	23063	3735e795cdc9459cb8f936a074b919c1f2c00c9bdadfb36fefa39eb987304084
output/playwright/agent-native/visual-baselines/390px/dark-specialist-creation.png	390px	dark	54034	3aa93aaa84f6438dfcd0cc38ce410d73e9390b88c8de3d80c9efe6424d66d093
output/playwright/agent-native/visual-baselines/390px/dark-today.png	390px	dark	143467	604238ff18d521541578530b964e0658498666121592d053b3d836502d802194
output/playwright/agent-native/visual-baselines/390px/dark-work-result-needs-you.png	390px	dark	46743	6da1ff0826bb1a47fcff5376c0021c0fc72591e784add4f07b577e6490abad16
output/playwright/agent-native/visual-baselines/390px/light-agent-profile.png	390px	light	67817	4b9ae177db07837bb893eac2533b2ba286fb23d4473b88f3f91eb324602bbed6
output/playwright/agent-native/visual-baselines/390px/light-live-agent-card.png	390px	light	18720	875c2040734512bdafb73167c7e5a2a3570811cab1a3565c639a678f002d9271
output/playwright/agent-native/visual-baselines/390px/light-room-needs-you.png	390px	light	55081	084848075ea23c0580dd9a8bc635a69942340c7c014dbd60453b80e594e3590c
output/playwright/agent-native/visual-baselines/390px/light-room.png	390px	light	63829	1a4e82d6d18af47277fce210f43397491ee758e1a1869ba08bd9e74610917b85
output/playwright/agent-native/visual-baselines/390px/light-routine-monitoring-fixture.png	390px	light	23901	eade6f7bf70d856d09673e894a95c4baf19db85cca246a3bfbfdea5fc350046e
output/playwright/agent-native/visual-baselines/390px/light-specialist-creation.png	390px	light	52396	f6abaa0ec8ebd9fcb6f42478c3a0a04024640bbd827f4dffebce2d562c7f45dd
output/playwright/agent-native/visual-baselines/390px/light-today.png	390px	light	145318	a640d1f74ac81a262306b1ed6e018b60a5dbbc43453116afc477414840103a21
output/playwright/agent-native/visual-baselines/390px/light-work-result-needs-you.png	390px	light	45774	b17b21b5d4b74f0754ba6e27575baf487c8a32ded3698bb9a15bd3fc74d9164c
output/playwright/agent-native/visual-baselines/desktop/dark-agent-profile.png	desktop	dark	128427	19706c98ba03da65e46cdf7fa9de9e6e0373ade107a8d37a988ba22e924438a2
output/playwright/agent-native/visual-baselines/desktop/dark-live-agent-card.png	desktop	dark	21356	26f65130ce1d36cf6a04f7fbc278ef7052ce7b99202f83780b773336ff4be04f
output/playwright/agent-native/visual-baselines/desktop/dark-room-needs-you.png	desktop	dark	53806	fcc82e60e64ff43da619213c0b578d54e5e4ba17d312dc0f887104bf679a03d0
output/playwright/agent-native/visual-baselines/desktop/dark-room.png	desktop	dark	63862	af8e2faabccea23d91145618fba617a83930def2dbeb1104bd6f9bbf7f59c345
output/playwright/agent-native/visual-baselines/desktop/dark-routine-monitoring-fixture.png	desktop	dark	27413	5042e12c522eeb8b896e0ba81bbeafbd2fa2e72bc81cb556ee656eeab3461cc3
output/playwright/agent-native/visual-baselines/desktop/dark-specialist-creation.png	desktop	dark	55255	769f98f712440dbcd99651b7768c8df4f563a015cc3feeb49fb4151ed2a963cd
output/playwright/agent-native/visual-baselines/desktop/dark-today.png	desktop	dark	145406	7967f4c93a5ddd61a953b672f5c662289cc0d6f6c8d9daca4952f31e6f7c270c
output/playwright/agent-native/visual-baselines/desktop/dark-work-result-needs-you.png	desktop	dark	72449	915ef2c92028b52e5905ad145547801780ac5cf46dcd4459350d44ef6a6e5e04
output/playwright/agent-native/visual-baselines/desktop/light-agent-profile.png	desktop	light	125244	6e62060365a6ac96d54183a036f37013d2a304b6f16a4e3b493c84231b20c606
output/playwright/agent-native/visual-baselines/desktop/light-live-agent-card.png	desktop	light	20653	02ee6a74cceb15c9e48c449ac1c9b0813beaaa15a8fcc6b9398417903a70d17d
output/playwright/agent-native/visual-baselines/desktop/light-room-needs-you.png	desktop	light	55045	fbb3709b5373125cab722b54e8334c65a6eb7393ea60c127f2625c3a53b088ab
output/playwright/agent-native/visual-baselines/desktop/light-room.png	desktop	light	65839	2722acb6553acf8d6b545e250263dd40c1164bab1bc984b1a59112268c53cdd6
output/playwright/agent-native/visual-baselines/desktop/light-routine-monitoring-fixture.png	desktop	light	28216	5608ac954642f7178576d3263ddb5036b05566816d1d6d05d6118a13c98c735d
output/playwright/agent-native/visual-baselines/desktop/light-specialist-creation.png	desktop	light	53854	6d19b4d1662cee2c7f5df3a4a5d9d19f7c3f9fc0c99338a1409ca913955c9744
output/playwright/agent-native/visual-baselines/desktop/light-today.png	desktop	light	146965	1b2ff09a32c49c39a20f42f1e3636bf34b558fc0746de17c908259ef3a18d8ec
output/playwright/agent-native/visual-baselines/desktop/light-work-result-needs-you.png	desktop	light	71269	a96d18eabf8627327729520b6d44de43b4daa2e27de37d00a66cc9987ab508c4
